approach,model,k,seed,target,ppl_baseline,ppl_before,ppl_after,recovered_pct,params,kd_seconds,ppl,train_seconds,gate_order,overlap_with_bi,frac_pruned,heads_total,heads_kept_worst_block
A_kd_repair,gpt2,1.0,0.0,[4],38.24686631160575,45.760326869759595,41.92946815711795,50.98660840755028,117351936,134.5,,,,,,,
A_kd_repair,gpt2,1.0,1.0,[4],38.24686631160575,45.760326869759595,41.86229378464293,51.8806621122992,117351936,154.9,,,,,,,
A_kd_repair,gpt2,1.0,2.0,[4],38.24686631160575,45.760326869759595,41.251398393063546,60.01134153559663,117351936,163.4,,,,,,,
A_kd_repair,gpt2,2.0,0.0,"[1, 4]",38.24686631160575,47.951438446866895,43.8784850770043,41.969427534715265,110264064,157.7,,,,,,,
A_kd_repair,gpt2,2.0,1.0,"[1, 4]",38.24686631160575,47.951438446866895,44.20814965864542,38.572424791613415,110264064,160.9,,,,,,,
A_kd_repair,gpt2,2.0,2.0,"[1, 4]",38.24686631160575,47.951438446866895,44.079844446854025,39.89453575130427,110264064,162.4,,,,,,,
A_kd_repair,SmolLM-135M,1.0,0.0,[2],16.36440973428763,19.90420492979168,18.597454553871408,36.91598817863806,130974912,207.6,,,,,,,
A_kd_repair,SmolLM-135M,1.0,1.0,[2],16.36440973428763,19.90420492979168,18.668045317918324,34.9217834253073,130974912,207.3,,,,,,,
A_kd_repair,SmolLM-135M,1.0,2.0,[2],16.36440973428763,19.90420492979168,18.738554328843197,32.92988821582095,130974912,217.9,,,,,,,
A_kd_repair,SmolLM-135M,2.0,0.0,"[2, 27]",16.36440973428763,25.885411754060645,22.039044659521046,40.39876356030116,127434816,207.6,,,,,,,
A_kd_repair,SmolLM-135M,2.0,1.0,"[2, 27]",16.36440973428763,25.885411754060645,22.15099225354149,39.222967212522306,127434816,205.8,,,,,,,
A_kd_repair,SmolLM-135M,2.0,2.0,"[2, 27]",16.36440973428763,25.885411754060645,22.22082942367261,38.48946069728281,127434816,207.1,,,,,,,
C_gates,gpt2,1.0,0.0,[2],38.24686631160575,,,,117351936,,42.98721524389501,,"[2, 5, 7, 1, 6, 10, 8, 9, 3, 11, 0, 4]",0.0,,,
C_gates,gpt2,2.0,0.0,"[2, 5]",38.24686631160575,,,,110264064,,56.129307646626565,,"[2, 5, 7, 1, 6, 10, 8, 9, 3, 11, 0, 4]",0.0,,,
C_gates,gpt2,1.0,1.0,[5],38.24686631160575,,,,117351936,,45.52459830198616,,"[5, 7, 6, 1, 2, 8, 9, 10, 11, 3, 0, 4]",0.0,,,
C_gates,gpt2,2.0,1.0,"[5, 7]",38.24686631160575,,,,110264064,,59.1381189758818,,"[5, 7, 6, 1, 2, 8, 9, 10, 11, 3, 0, 4]",0.0,,,
C_gates,gpt2,1.0,2.0,[7],38.24686631160575,,,,117351936,,44.25016689877009,,"[7, 5, 9, 2, 6, 1, 10, 8, 11, 3, 0, 4]",0.0,,,
C_gates,gpt2,2.0,2.0,"[5, 7]",38.24686631160575,,,,110264064,,59.1381189758818,,"[7, 5, 9, 2, 6, 1, 10, 8, 11, 3, 0, 4]",0.0,,,
C_gates,SmolLM-135M,1.0,0.0,[20],16.36440973428763,,,,130974912,,18.946516519290697,,"[20, 24, 27, 25, 15, 19, 22, 23, 29, 26, 10, 28, 3, 2, 21, 4, 8, 5, 6, 11, 7, 9, 18, 16, 17, 1, 14, 12, 0, 13]",0.0,,,
C_gates,SmolLM-135M,2.0,0.0,"[20, 24]",16.36440973428763,,,,127434816,,23.881499773175165,,"[20, 24, 27, 25, 15, 19, 22, 23, 29, 26, 10, 28, 3, 2, 21, 4, 8, 5, 6, 11, 7, 9, 18, 16, 17, 1, 14, 12, 0, 13]",0.0,,,
C_gates,SmolLM-135M,1.0,1.0,[24],16.36440973428763,,,,130974912,,19.77348808569342,,"[24, 25, 20, 27, 19, 15, 23, 29, 26, 22, 28, 10, 3, 2, 21, 6, 8, 7, 11, 9, 4, 5, 18, 16, 17, 1, 14, 12, 0, 13]",0.0,,,
C_gates,SmolLM-135M,2.0,1.0,"[24, 25]",16.36440973428763,,,,127434816,,26.48364011079706,,"[24, 25, 20, 27, 19, 15, 23, 29, 26, 22, 28, 10, 3, 2, 21, 6, 8, 7, 11, 9, 4, 5, 18, 16, 17, 1, 14, 12, 0, 13]",0.0,,,
C_gates,SmolLM-135M,1.0,2.0,[20],16.36440973428763,,,,130974912,,18.946516519290697,,"[20, 27, 24, 25, 23, 19, 15, 22, 29, 10, 28, 26, 21, 3, 2, 6, 11, 4, 7, 8, 9, 18, 5, 1, 16, 17, 14, 12, 0, 13]",0.0,,,
C_gates,SmolLM-135M,2.0,2.0,"[20, 27]",16.36440973428763,,,,127434816,,24.48002735247281,,"[20, 27, 24, 25, 23, 19, 15, 22, 29, 10, 28, 26, 21, 3, 2, 6, 11, 4, 7, 8, 9, 18, 5, 1, 16, 17, 14, 12, 0, 13]",1.0,,,
D_head_prune,gpt2,,,,38.24686631160575,,,,124439808,,38.24686631160575,,,,0.0,12.0,12.0
D_head_prune,gpt2,,,,38.24686631160575,,,,124439808,,42.849631291934315,,,,0.125,12.0,11.0
D_head_prune,gpt2,,,,38.24686631160575,,,,124439808,,2033.0750223673192,,,,0.25,12.0,9.0
D_head_prune,gpt2,,,,38.24686631160575,,,,124439808,,3640.244019233352,,,,0.375,12.0,8.0
D_head_prune,SmolLM-135M,,,,16.36440973428763,,,,134515008,,16.36440973428763,,,,0.0,9.0,9.0
D_head_prune,SmolLM-135M,,,,16.36440973428763,,,,134515008,,46.915122092564935,,,,0.125,9.0,8.0
D_head_prune,SmolLM-135M,,,,16.36440973428763,,,,134515008,,102.69697277477648,,,,0.25,9.0,7.0
D_head_prune,SmolLM-135M,,,,16.36440973428763,,,,134515008,,1239.482274997683,,,,0.375,9.0,6.0
B_layerdrop,gpt2,1.0,0.0,[4],38.24686631160575,,,,117351936,,51.61290685810957,171.4,,,,,
B_layerdrop,gpt2,2.0,0.0,"[1, 4]",38.24686631160575,,,,110264064,,57.8528316824175,171.4,,,,,
B_layerdrop,gpt2,1.0,1.0,[4],38.24686631160575,,,,117351936,,51.878481047232505,188.1,,,,,
B_layerdrop,gpt2,2.0,1.0,"[1, 4]",38.24686631160575,,,,110264064,,57.393295578918,188.1,,,,,
B_layerdrop,gpt2,1.0,2.0,[4],38.24686631160575,,,,117351936,,51.72618206789661,189.6,,,,,
B_layerdrop,gpt2,2.0,2.0,"[1, 4]",38.24686631160575,,,,110264064,,57.3534539816055,189.6,,,,,
B_layerdrop,SmolLM-135M,1.0,0.0,[2],16.36440973428763,,,,130974912,,15.530125280421672,209.5,,,,,
B_layerdrop,SmolLM-135M,2.0,0.0,"[2, 27]",16.36440973428763,,,,127434816,,19.5224324128499,209.5,,,,,
B_layerdrop,SmolLM-135M,1.0,1.0,[2],16.36440973428763,,,,130974912,,15.555765873485004,206.8,,,,,
B_layerdrop,SmolLM-135M,2.0,1.0,"[2, 27]",16.36440973428763,,,,127434816,,19.54065570537666,206.8,,,,,
B_layerdrop,SmolLM-135M,1.0,2.0,[2],16.36440973428763,,,,130974912,,15.547988813180275,219.9,,,,,
B_layerdrop,SmolLM-135M,2.0,2.0,"[2, 27]",16.36440973428763,,,,127434816,,19.807131396198937,219.9,,,,,
