approach,model,k,seed,target,ppl_baseline,ppl,params,train_seconds
B_layerdrop,gpt2,1,0,[4],38.24686631160575,51.61290685810957,117351936,171.4
B_layerdrop,gpt2,2,0,"[1, 4]",38.24686631160575,57.8528316824175,110264064,171.4
B_layerdrop,gpt2,1,1,[4],38.24686631160575,51.878481047232505,117351936,188.1
B_layerdrop,gpt2,2,1,"[1, 4]",38.24686631160575,57.393295578918,110264064,188.1
B_layerdrop,gpt2,1,2,[4],38.24686631160575,51.72618206789661,117351936,189.6
B_layerdrop,gpt2,2,2,"[1, 4]",38.24686631160575,57.3534539816055,110264064,189.6
B_layerdrop,SmolLM-135M,1,0,[2],16.36440973428763,15.530125280421672,130974912,209.5
B_layerdrop,SmolLM-135M,2,0,"[2, 27]",16.36440973428763,19.5224324128499,127434816,209.5
B_layerdrop,SmolLM-135M,1,1,[2],16.36440973428763,15.555765873485004,130974912,206.8
B_layerdrop,SmolLM-135M,2,1,"[2, 27]",16.36440973428763,19.54065570537666,127434816,206.8
B_layerdrop,SmolLM-135M,1,2,[2],16.36440973428763,15.547988813180275,130974912,219.9
B_layerdrop,SmolLM-135M,2,2,"[2, 27]",16.36440973428763,19.807131396198937,127434816,219.9
